<Configuration>
<Add OfficeClientEdition="32" Channel="Current">
    <Product ID="ProPlusVolume">
      <Language ID="en-US" />
    </Product>
    <Product ID="ProjectProVolume">
      <Language ID="en-US" />
      <ExcludeApp ID="OneDrive" />
    </Product>
    <Product ID="VisioProVolume">
      <Language ID="en-US" />
      <ExcludeApp ID="OneDrive" />
    </Product>
</Add>
<Display Level="Full" AcceptEULA="TRUE" />
<Updates Enabled="TRUE" Channel="Current" />
</Configuration>
<!--  OInstallSetting Branch=1  -->
<!--  OInstallSetting Office=0  -->
<!--  OInstallSetting Arch=0  -->
<!--  OInstallSetting Redact=1  -->
<!--  OInstallSetting Product=1  -->
<!--  OInstallSetting UseODT=0  -->
<!--  OInstallSetting OnlineKMS=1  -->
<!--  OInstallSetting PATH=  -->
<!--  OInstallSetting Lang0=1  -->
